timestamp,glucose_mgdl,heart_rate_bpm,hrv_rmssd_ms,steps_5min,activity_met,spo2_pct,sleep_stage
2026-10-01 15:00:00,135,72,60,0,1.1,98,
2026-10-01 15:05:00,135,78,60,75,2.2,98,
2026-10-01 15:10:00,134,82,58,117,2.9,98,
2026-10-01 15:15:00,136,69,63,0,1.0,98,
2026-10-01 15:20:00,136,80,62,105,2.7,98,
2026-10-01 15:25:00,133,74,60,75,2.3,98,
2026-10-01 15:30:00,132,66,62,0,1.1,99,
2026-10-01 15:35:00,131,77,55,120,3.2,99,
2026-10-01 15:40:00,127,74,61,101,2.8,99,
2026-10-01 15:45:00,126,64,62,0,1.1,98,
2026-10-01 15:50:00,125,75,58,111,2.9,98,
2026-10-01 15:55:00,122,68,57,58,2.0,98,
2026-10-01 16:00:00,120,61,59,0,1.2,98,
2026-10-01 16:05:00,119,70,59,76,2.3,98,
2026-10-01 16:10:00,120,77,61,154,3.6,98,
2026-10-01 16:15:00,116,63,62,0,1.1,98,
2026-10-01 16:20:00,112,69,61,58,2.0,98,
2026-10-01 16:25:00,111,70,57,58,1.9,98,
2026-10-01 16:30:00,107,73,55,87,2.4,98,
2026-10-01 16:35:00,109,70,55,57,1.8,98,
2026-10-01 16:40:00,111,76,55,127,2.9,98,
2026-10-01 16:45:00,113,76,55,120,2.8,98,
2026-10-01 16:50:00,111,77,60,103,2.6,97,
2026-10-01 16:55:00,113,69,64,0,0.8,97,
2026-10-01 17:00:00,111,82,59,158,3.4,98,
2026-10-01 17:05:00,110,84,58,180,3.8,97,
2026-10-01 17:10:00,106,82,59,169,3.6,97,
2026-10-01 17:15:00,109,89,59,224,4.5,98,
2026-10-01 17:20:00,108,79,60,117,2.9,98,
2026-10-01 17:25:00,108,69,63,0,1.1,98,
2026-10-01 17:30:00,109,82,56,110,2.8,98,
2026-10-01 17:35:00,113,84,54,141,3.4,98,
2026-10-01 17:40:00,113,81,55,116,3.0,98,
2026-10-01 17:45:00,115,88,52,172,3.7,98,
2026-10-01 17:50:00,115,81,56,108,2.8,98,
2026-10-01 17:55:00,112,91,54,212,4.5,98,
2026-10-01 18:00:00,112,89,53,177,3.9,98,
2026-10-01 18:05:00,111,91,52,206,4.3,98,
2026-10-01 18:10:00,111,71,60,0,1.1,97,
2026-10-01 18:15:00,111,85,54,179,3.9,98,
2026-10-01 18:20:00,115,80,54,134,3.1,98,
2026-10-01 18:25:00,114,95,50,297,5.7,98,
2026-10-01 18:30:00,110,91,51,273,5.4,97,
2026-10-01 18:35:00,109,77,56,143,3.3,97,
2026-10-01 18:40:00,109,95,51,297,5.9,98,
2026-10-01 18:45:00,110,67,59,0,1.1,98,
2026-10-01 18:50:00,109,79,56,133,3.2,97,
2026-10-01 18:55:00,110,90,53,239,5.0,97,
2026-10-01 19:00:00,109,83,54,161,3.6,97,
2026-10-01 19:05:00,110,83,52,173,3.8,97,
2026-10-01 19:10:00,112,84,52,168,3.7,97,
2026-10-01 19:15:00,115,82,52,165,3.8,97,
2026-10-01 19:20:00,112,89,49,242,5.1,97,
2026-10-01 19:25:00,114,64,54,0,1.0,97,
2026-10-01 19:30:00,113,81,51,155,3.5,96,
2026-10-01 19:35:00,112,67,57,0,0.9,97,
2026-10-01 19:40:00,113,86,51,212,4.3,97,
2026-10-01 19:45:00,108,80,52,147,3.3,97,
2026-10-01 19:50:00,108,86,50,190,4.1,97,
2026-10-01 19:55:00,107,77,57,105,2.6,97,
2026-10-01 20:00:00,106,75,58,97,2.4,97,
2026-10-01 20:05:00,104,79,57,155,3.3,98,
2026-10-01 20:10:00,102,79,55,145,3.1,98,
2026-10-01 20:15:00,99,77,58,133,3.0,97,
2026-10-01 20:20:00,98,75,58,104,2.6,97,
2026-10-01 20:25:00,98,79,59,145,3.2,97,
2026-10-01 20:30:00,105,71,61,63,2.1,97,
2026-10-01 20:35:00,106,81,54,134,3.3,97,
2026-10-01 20:40:00,107,66,58,0,1.1,97,
2026-10-01 20:45:00,113,66,60,0,1.1,97,
2026-10-01 20:50:00,121,73,60,81,2.4,97,
2026-10-01 20:55:00,127,74,59,71,2.2,98,
2026-10-01 21:00:00,131,75,61,61,2.0,98,
2026-10-01 21:05:00,135,69,61,0,0.9,97,
2026-10-01 21:10:00,137,72,61,57,1.7,97,
2026-10-01 21:15:00,135,71,60,59,1.9,97,
2026-10-01 21:20:00,132,66,61,0,1.0,97,
2026-10-01 21:25:00,135,76,57,96,2.6,96,
2026-10-01 21:30:00,133,55,69,0,1.0,95,awake
2026-10-01 21:35:00,133,54,71,1,0.9,96,awake
2026-10-01 21:40:00,135,52,71,0,0.9,96,awake
2026-10-01 21:45:00,135,54,71,0,0.9,96,awake
2026-10-01 21:50:00,127,54,71,0,0.9,97,awake
2026-10-01 21:55:00,125,53,74,1,0.9,97,light
2026-10-01 22:00:00,117,52,74,0,0.9,98,deep
2026-10-01 22:05:00,118,51,75,1,0.9,97,deep
2026-10-01 22:10:00,116,53,72,0,0.9,97,deep
2026-10-01 22:15:00,111,53,73,1,0.9,97,deep
2026-10-01 22:20:00,109,52,72,0,0.9,96,deep
2026-10-01 22:25:00,109,52,73,1,1.0,96,light
2026-10-01 22:30:00,108,52,71,1,1.0,97,light
2026-10-01 22:35:00,107,52,72,1,0.9,97,light
2026-10-01 22:40:00,105,51,70,1,0.9,96,light
2026-10-01 22:45:00,104,52,69,0,0.8,97,light
2026-10-01 22:50:00,105,52,70,0,0.8,97,light
2026-10-01 22:55:00,108,53,71,1,0.8,97,light
2026-10-01 23:00:00,109,54,72,0,0.8,97,light
2026-10-01 23:05:00,108,53,68,1,0.8,98,light
2026-10-01 23:10:00,112,54,71,0,0.8,98,light
2026-10-01 23:15:00,109,55,72,0,1.0,98,awake
2026-10-01 23:20:00,108,55,73,0,1.1,97,awake
2026-10-01 23:25:00,107,56,71,0,0.9,97,awake
2026-10-01 23:30:00,108,54,74,1,0.8,96,awake
2026-10-01 23:35:00,107,53,71,0,0.9,97,awake
2026-10-01 23:40:00,104,52,70,1,0.9,96,awake
2026-10-01 23:45:00,110,52,71,1,0.9,96,awake
2026-10-01 23:50:00,109,51,71,0,0.8,96,light
2026-10-01 23:55:00,109,51,68,0,0.9,97,light
2026-10-02 00:00:00,120,51,66,1,1.0,97,light
2026-10-02 00:05:00,123,53,67,0,1.0,96,light
2026-10-02 00:10:00,121,52,68,1,0.9,97,light
2026-10-02 00:15:00,118,52,67,1,0.9,96,light
2026-10-02 00:20:00,120,51,68,1,0.8,97,light
2026-10-02 00:25:00,119,51,68,1,0.9,96,light
2026-10-02 00:30:00,121,52,69,1,1.0,96,light
2026-10-02 00:35:00,120,53,70,1,0.9,96,light
2026-10-02 00:40:00,122,52,71,1,0.9,96,light
2026-10-02 00:45:00,125,52,66,1,0.8,96,light
2026-10-02 00:50:00,126,51,68,1,0.8,96,deep
2026-10-02 00:55:00,127,51,70,1,0.9,96,deep
2026-10-02 01:00:00,127,52,70,0,0.9,96,deep
2026-10-02 01:05:00,128,53,69,1,0.9,96,light
2026-10-02 01:10:00,122,54,65,0,1.0,96,light
2026-10-02 01:15:00,123,53,67,1,1.0,96,light
2026-10-02 01:20:00,119,54,65,1,1.1,97,light
2026-10-02 01:25:00,123,53,69,1,0.9,97,light
2026-10-02 01:30:00,126,53,69,1,0.8,97,light
2026-10-02 01:35:00,127,54,70,0,0.8,97,rem
2026-10-02 01:40:00,128,54,69,1,0.8,97,rem
2026-10-02 01:45:00,124,54,68,0,0.9,97,light
2026-10-02 01:50:00,117,53,67,0,1.0,96,light
2026-10-02 01:55:00,118,52,71,0,1.0,96,light
2026-10-02 02:00:00,118,53,70,0,0.9,96,light
2026-10-02 02:05:00,116,54,71,0,1.0,96,light
2026-10-02 02:10:00,119,54,69,1,1.0,96,light
2026-10-02 02:15:00,122,55,71,1,0.9,96,deep
2026-10-02 02:20:00,123,56,72,0,0.9,96,deep
2026-10-02 02:25:00,123,56,73,0,0.8,97,light
2026-10-02 02:30:00,121,56,71,0,0.9,96,light
2026-10-02 02:35:00,121,57,69,1,0.9,96,light
2026-10-02 02:40:00,117,56,70,1,0.8,96,light
2026-10-02 02:45:00,114,55,72,0,0.8,96,light
2026-10-02 02:50:00,114,54,77,1,0.8,96,rem
2026-10-02 02:55:00,109,52,83,1,0.8,96,rem
2026-10-02 03:00:00,108,51,80,1,0.8,96,rem
2026-10-02 03:05:00,112,50,79,1,0.8,96,rem
2026-10-02 03:10:00,111,53,79,1,1.0,96,light
2026-10-02 03:15:00,110,51,78,1,0.9,96,light
2026-10-02 03:20:00,113,51,76,1,0.9,96,light
2026-10-02 03:25:00,113,53,72,0,0.9,96,light
2026-10-02 03:30:00,113,53,73,0,0.8,96,light
2026-10-02 03:35:00,110,52,75,1,0.8,96,light
2026-10-02 03:40:00,106,52,77,1,0.8,96,deep
2026-10-02 03:45:00,106,53,75,1,0.9,96,light
2026-10-02 03:50:00,108,52,75,1,0.8,97,light
2026-10-02 03:55:00,110,52,76,0,0.9,97,light
2026-10-02 04:00:00,115,52,79,0,1.0,96,light
2026-10-02 04:05:00,113,53,77,1,1.0,96,light
2026-10-02 04:10:00,110,54,75,0,1.1,96,rem
2026-10-02 04:15:00,114,53,76,0,1.0,96,rem
2026-10-02 04:20:00,117,53,75,0,1.0,96,rem
2026-10-02 04:25:00,118,51,75,1,0.9,97,rem
2026-10-02 04:30:00,116,51,76,0,0.9,96,rem
2026-10-02 04:35:00,118,50,74,0,0.8,96,light
2026-10-02 04:40:00,119,50,73,1,0.9,96,light
2026-10-02 04:45:00,115,50,76,1,0.8,96,light
2026-10-02 04:50:00,118,50,76,0,0.8,96,light
2026-10-02 04:55:00,116,50,76,0,0.9,96,light
2026-10-02 05:00:00,118,50,77,1,1.1,97,light
2026-10-02 05:05:00,116,50,76,0,1.2,96,light
2026-10-02 05:10:00,118,51,77,0,1.2,96,light
2026-10-02 05:15:00,119,52,78,1,1.1,96,light
2026-10-02 05:20:00,121,51,78,0,1.2,96,light
2026-10-02 05:25:00,122,53,79,1,1.1,96,light
2026-10-02 05:30:00,121,52,80,0,1.1,96,awake
2026-10-02 05:35:00,122,54,81,1,1.1,95,awake
2026-10-02 05:40:00,121,54,78,0,0.9,96,awake
2026-10-02 05:45:00,120,55,79,1,1.0,96,awake
2026-10-02 05:50:00,115,54,78,1,1.0,96,awake
2026-10-02 05:55:00,113,55,78,1,1.1,96,awake
2026-10-02 06:00:00,115,55,75,0,1.0,97,awake
2026-10-02 06:05:00,113,57,74,0,1.1,97,light
2026-10-02 06:10:00,109,55,76,0,1.2,96,light
2026-10-02 06:15:00,119,65,66,26,1.4,97,
2026-10-02 06:20:00,119,64,64,35,1.5,98,
2026-10-02 06:25:00,124,62,64,0,1.0,98,
2026-10-02 06:30:00,122,64,62,23,1.5,97,
2026-10-02 06:35:00,121,65,63,24,1.5,98,
2026-10-02 06:40:00,121,63,62,20,1.5,98,
2026-10-02 06:45:00,122,66,63,30,1.7,97,
2026-10-02 06:50:00,126,66,61,21,1.5,97,
2026-10-02 06:55:00,125,65,63,0,1.1,97,
2026-10-02 07:00:00,123,72,61,60,2.0,97,
2026-10-02 07:05:00,119,72,59,55,2.0,97,
2026-10-02 07:10:00,119,71,60,65,2.0,97,
2026-10-02 07:15:00,118,74,58,82,2.3,96,
2026-10-02 07:20:00,117,70,61,47,1.7,96,
2026-10-02 07:25:00,119,72,60,79,2.3,96,
2026-10-02 07:30:00,124,72,56,75,2.2,97,
2026-10-02 07:35:00,124,67,56,56,1.8,97,
2026-10-02 07:40:00,122,70,55,84,2.2,97,
2026-10-02 07:45:00,119,68,57,88,2.3,96,
2026-10-02 07:50:00,117,70,55,90,2.5,96,
2026-10-02 07:55:00,119,71,59,93,2.5,97,
2026-10-02 08:00:00,119,73,56,115,3.0,96,
2026-10-02 08:05:00,122,62,65,0,1.1,96,
2026-10-02 08:10:00,123,73,60,110,2.8,97,
2026-10-02 08:15:00,120,69,62,70,2.3,97,
2026-10-02 08:20:00,124,71,61,73,2.3,97,
2026-10-02 08:25:00,127,70,60,78,2.3,97,
2026-10-02 08:30:00,126,74,59,136,3.3,97,
2026-10-02 08:35:00,125,73,62,136,3.3,97,
2026-10-02 08:40:00,126,67,65,62,2.1,98,
2026-10-02 08:45:00,124,70,64,65,2.2,97,
2026-10-02 08:50:00,123,66,65,0,1.1,98,
2026-10-02 08:55:00,124,78,59,129,3.1,98,
2026-10-02 09:00:00,125,70,61,56,1.9,98,
2026-10-02 09:05:00,123,71,63,55,1.9,98,
2026-10-02 09:10:00,120,73,60,77,2.3,98,
2026-10-02 09:15:00,120,72,58,77,2.2,98,
2026-10-02 09:20:00,122,67,60,0,1.0,98,
2026-10-02 09:25:00,122,68,61,0,1.0,98,
2026-10-02 09:30:00,120,74,60,69,2.1,98,
2026-10-02 09:35:00,120,75,57,52,1.9,98,
2026-10-02 09:40:00,121,71,60,32,1.7,98,
2026-10-02 09:45:00,120,75,59,58,2.1,98,
2026-10-02 09:50:00,121,71,61,52,1.8,98,
2026-10-02 09:55:00,125,65,65,0,1.0,98,
2026-10-02 10:00:00,130,69,62,43,1.7,98,
2026-10-02 10:05:00,136,72,62,45,1.7,98,
2026-10-02 10:10:00,138,70,64,38,1.4,98,
2026-10-02 10:15:00,141,69,65,33,1.4,98,
2026-10-02 10:20:00,144,69,66,30,1.5,97,
2026-10-02 10:25:00,144,66,66,0,0.9,97,
2026-10-02 10:30:00,153,69,63,0,0.9,97,
2026-10-02 10:35:00,156,71,63,36,1.6,97,
2026-10-02 10:40:00,158,71,61,24,1.3,97,
2026-10-02 10:45:00,157,67,63,0,0.9,97,
2026-10-02 10:50:00,154,70,63,33,1.6,96,
2026-10-02 10:55:00,149,71,61,46,1.8,96,
2026-10-02 11:00:00,151,74,62,76,2.3,97,
2026-10-02 11:05:00,146,72,66,52,2.0,97,
2026-10-02 11:10:00,143,71,66,42,1.8,97,
2026-10-02 11:15:00,142,66,66,0,1.0,97,
2026-10-02 11:20:00,137,69,65,34,1.6,97,
2026-10-02 11:25:00,138,71,60,65,2.0,97,
2026-10-02 11:30:00,145,70,60,43,1.6,97,
2026-10-02 11:35:00,145,66,61,0,0.8,97,
2026-10-02 11:40:00,139,70,63,40,1.6,97,
2026-10-02 11:45:00,139,68,63,0,1.1,97,
2026-10-02 11:50:00,139,73,60,61,2.1,98,
2026-10-02 11:55:00,135,66,65,0,1.0,98,
2026-10-02 12:00:00,133,73,65,50,1.8,98,
2026-10-02 12:05:00,133,76,63,66,2.0,97,
2026-10-02 12:10:00,135,73,68,69,2.1,97,
2026-10-02 12:15:00,134,71,66,33,1.5,97,
2026-10-02 12:20:00,132,74,66,54,1.9,97,
2026-10-02 12:25:00,132,72,66,42,1.6,97,
2026-10-02 12:30:00,129,67,67,0,1.1,97,
2026-10-02 12:35:00,131,78,63,89,2.5,97,
2026-10-02 12:40:00,127,76,64,47,1.9,97,
2026-10-02 12:45:00,122,75,65,50,1.9,97,
2026-10-02 12:50:00,121,74,65,36,1.5,97,
2026-10-02 12:55:00,124,72,63,44,1.7,97,
2026-10-02 13:00:00,126,72,59,22,1.3,97,
2026-10-02 13:05:00,126,73,59,32,1.5,97,
2026-10-02 13:10:00,129,71,60,18,1.3,96,
2026-10-02 13:15:00,132,68,58,0,0.9,97,
2026-10-02 13:20:00,130,67,57,0,1.0,97,
2026-10-02 13:25:00,130,72,57,39,1.7,97,
2026-10-02 13:30:00,131,70,55,36,1.7,97,
2026-10-02 13:35:00,135,67,55,0,1.0,97,
2026-10-02 13:40:00,135,71,55,37,1.6,98,
2026-10-02 13:45:00,135,71,55,42,1.7,98,
2026-10-02 13:50:00,133,68,57,16,1.3,97,
2026-10-02 13:55:00,133,68,62,33,1.4,98,
2026-10-02 14:00:00,132,74,59,61,1.9,97,
2026-10-02 14:05:00,137,69,58,26,1.4,98,
2026-10-02 14:10:00,134,71,58,39,1.5,97,
2026-10-02 14:15:00,128,72,56,37,1.7,97,
2026-10-02 14:20:00,124,71,57,31,1.5,97,
2026-10-02 14:25:00,123,75,56,55,1.9,97,
2026-10-02 14:30:00,123,75,57,51,1.9,97,
2026-10-02 14:35:00,130,71,58,0,1.2,97,
2026-10-02 14:40:00,139,76,56,35,1.7,98,
2026-10-02 14:45:00,143,77,53,38,1.9,98,
2026-10-02 14:50:00,153,73,55,22,1.6,97,
2026-10-02 14:55:00,154,78,54,58,2.2,98,
2026-10-02 15:00:00,154,76,55,33,1.7,98,
2026-10-02 15:05:00,155,75,55,33,1.5,98,
2026-10-02 15:10:00,158,76,52,34,1.5,97,
2026-10-02 15:15:00,168,75,50,22,1.5,97,
2026-10-02 15:20:00,167,72,52,0,1.1,98,
2026-10-02 15:25:00,172,77,52,42,1.7,98,
2026-10-02 15:30:00,170,77,51,25,1.5,98,
2026-10-02 15:35:00,167,76,53,34,1.5,98,
2026-10-02 15:40:00,167,75,54,45,1.7,98,
2026-10-02 15:45:00,164,72,53,40,1.6,97,
2026-10-02 15:50:00,171,72,52,41,1.8,97,
2026-10-02 15:55:00,161,69,55,21,1.3,97,
2026-10-02 16:00:00,165,68,55,43,1.7,97,
2026-10-02 16:05:00,164,65,58,0,0.9,97,
2026-10-02 16:10:00,157,68,56,32,1.5,97,
2026-10-02 16:15:00,153,65,57,23,1.4,97,
2026-10-02 16:20:00,153,70,58,56,1.8,97,
2026-10-02 16:25:00,150,66,58,0,1.0,97,
2026-10-02 16:30:00,148,70,57,22,1.3,97,
2026-10-02 16:35:00,144,73,55,43,1.6,97,
2026-10-02 16:40:00,140,74,56,55,1.9,97,
2026-10-02 16:45:00,136,68,58,0,1.0,97,
2026-10-02 16:50:00,137,70,60,32,1.4,97,
2026-10-02 16:55:00,135,71,60,46,1.7,97,
2026-10-02 17:00:00,135,74,62,54,1.8,97,
2026-10-02 17:05:00,129,74,60,36,1.4,98,
2026-10-02 17:10:00,125,73,59,59,1.8,98,
2026-10-02 17:15:00,123,71,57,78,2.1,98,
2026-10-02 17:20:00,123,71,57,50,1.7,98,
2026-10-02 17:25:00,122,71,58,43,1.7,98,
2026-10-02 17:30:00,120,72,56,52,1.8,98,
2026-10-02 17:35:00,120,71,58,39,1.6,97,
2026-10-02 17:40:00,121,71,58,37,1.5,97,
2026-10-02 17:45:00,124,71,59,50,1.8,98,
2026-10-02 17:50:00,122,73,58,62,1.9,98,
2026-10-02 17:55:00,119,75,58,64,2.1,98,
2026-10-02 18:00:00,117,75,58,65,2.2,98,
2026-10-02 18:05:00,119,73,54,64,2.1,98,
2026-10-02 18:10:00,122,67,54,0,1.0,98,
2026-10-02 18:15:00,118,71,54,78,2.2,98,
2026-10-02 18:20:00,115,65,55,0,1.1,98,
2026-10-02 18:25:00,119,65,55,0,1.1,98,
2026-10-02 18:30:00,116,72,51,70,2.3,98,
2026-10-02 18:35:00,116,70,53,59,2.0,98,
2026-10-02 18:40:00,118,69,54,47,1.9,98,
2026-10-02 18:45:00,115,72,54,52,1.9,98,
2026-10-02 18:50:00,114,72,53,69,2.3,98,
2026-10-02 18:55:00,117,69,53,41,1.7,98,
2026-10-02 19:00:00,117,69,50,37,1.6,97,
2026-10-02 19:05:00,118,70,49,38,1.5,98,
2026-10-02 19:10:00,123,71,50,70,2.1,98,
2026-10-02 19:15:00,125,70,49,40,1.7,97,
2026-10-02 19:20:00,129,69,49,49,1.9,97,
2026-10-02 19:25:00,132,71,51,77,2.4,97,
2026-10-02 19:30:00,125,71,52,67,2.0,97,
2026-10-02 19:35:00,128,68,53,42,1.8,98,
2026-10-02 19:40:00,128,72,57,72,2.1,98,
2026-10-02 19:45:00,125,67,61,0,1.1,97,
2026-10-02 19:50:00,123,72,56,61,2.0,97,
2026-10-02 19:55:00,121,74,58,76,2.2,97,
2026-10-02 20:00:00,117,73,59,55,1.7,97,
2026-10-02 20:05:00,121,67,58,0,0.9,97,
2026-10-02 20:10:00,121,70,54,48,1.6,97,
2026-10-02 20:15:00,118,69,53,51,1.9,97,
2026-10-02 20:20:00,116,66,56,37,1.6,97,
2026-10-02 20:25:00,114,63,57,0,1.0,97,
2026-10-02 20:30:00,118,69,57,49,1.9,97,
2026-10-02 20:35:00,112,69,59,51,2.0,97,
2026-10-02 20:40:00,114,67,56,24,1.4,97,
2026-10-02 20:45:00,118,67,57,26,1.5,97,
2026-10-02 20:50:00,120,66,56,23,1.4,97,
2026-10-02 20:55:00,116,66,57,21,1.4,97,
2026-10-02 21:00:00,122,63,59,0,1.0,96,
2026-10-02 21:05:00,119,66,59,14,1.4,97,
2026-10-02 21:10:00,120,68,59,13,1.4,97,
2026-10-02 21:15:00,125,69,58,17,1.4,98,
2026-10-02 21:20:00,129,72,56,20,1.3,98,
2026-10-02 21:25:00,133,71,59,30,1.5,97,
2026-10-02 21:30:00,133,71,57,31,1.4,97,
2026-10-02 21:35:00,139,69,58,18,1.3,97,
2026-10-02 21:40:00,134,69,58,28,1.3,96,
2026-10-02 21:45:00,143,70,57,21,1.2,96,
2026-10-02 21:50:00,143,68,55,18,1.2,97,
2026-10-02 21:55:00,142,72,55,34,1.5,97,
2026-10-02 22:00:00,144,69,56,18,1.3,97,
2026-10-02 22:05:00,149,69,58,10,1.0,97,
2026-10-02 22:10:00,148,69,57,13,1.2,97,
2026-10-02 22:15:00,150,68,55,12,1.2,97,
2026-10-02 22:20:00,151,64,56,10,1.2,97,
2026-10-02 22:25:00,150,64,55,0,1.1,97,
2026-10-02 22:30:00,149,66,56,20,1.4,97,
2026-10-02 22:35:00,148,66,57,19,1.4,98,
2026-10-02 22:40:00,149,67,56,19,1.3,97,
2026-10-02 22:45:00,147,66,60,13,1.2,98,
2026-10-02 22:50:00,144,66,59,9,1.1,97,
2026-10-02 22:55:00,146,65,60,8,1.2,97,
2026-10-02 23:00:00,150,64,62,0,1.0,97,
2026-10-02 23:05:00,147,65,62,5,1.1,97,
2026-10-02 23:10:00,147,65,60,7,1.2,97,
2026-10-02 23:15:00,147,64,60,7,1.3,97,
2026-10-02 23:20:00,141,55,70,1,1.1,97,awake
2026-10-02 23:25:00,142,55,71,0,1.0,96,awake
2026-10-02 23:30:00,140,54,73,1,0.9,96,awake
2026-10-02 23:35:00,135,54,67,0,0.9,96,light
2026-10-02 23:40:00,134,55,70,0,0.9,96,deep
2026-10-02 23:45:00,137,55,71,1,0.8,96,deep
2026-10-02 23:50:00,134,55,69,1,0.8,96,deep
2026-10-02 23:55:00,129,56,67,1,0.8,96,deep
2026-10-03 00:00:00,128,55,71,0,0.8,96,deep
2026-10-03 00:05:00,129,56,72,0,0.8,96,deep
2026-10-03 00:10:00,126,55,71,0,0.9,96,deep
2026-10-03 00:15:00,128,56,73,1,1.0,96,light
2026-10-03 00:20:00,124,54,76,1,1.0,96,light
2026-10-03 00:25:00,124,54,78,0,1.1,96,light
2026-10-03 00:30:00,126,54,78,1,1.1,97,light
2026-10-03 00:35:00,126,55,79,0,0.9,97,light
2026-10-03 00:40:00,125,54,78,0,0.9,97,light
2026-10-03 00:45:00,123,56,74,0,0.8,97,light
2026-10-03 00:50:00,122,55,72,0,0.8,97,awake
2026-10-03 00:55:00,119,55,73,1,0.9,97,awake
2026-10-03 01:00:00,119,56,70,1,0.8,97,awake
2026-10-03 01:05:00,114,54,73,0,0.9,97,awake
2026-10-03 01:10:00,118,54,73,1,0.8,97,awake
2026-10-03 01:15:00,121,54,69,0,0.8,97,awake
2026-10-03 01:20:00,123,54,70,0,0.8,97,deep
2026-10-03 01:25:00,122,53,71,1,0.9,96,deep
2026-10-03 01:30:00,119,53,72,0,1.0,96,deep
2026-10-03 01:35:00,117,54,74,1,1.0,96,light
2026-10-03 01:40:00,115,54,72,0,1.0,96,light
2026-10-03 01:45:00,114,55,74,1,1.0,96,light
2026-10-03 01:50:00,113,55,74,0,0.9,97,light
2026-10-03 01:55:00,112,55,70,0,0.9,96,light
2026-10-03 02:00:00,111,55,69,0,0.9,96,light
2026-10-03 02:05:00,113,54,72,1,0.8,97,light
2026-10-03 02:10:00,112,56,70,0,0.8,96,light
2026-10-03 02:15:00,112,56,69,1,1.0,96,rem
2026-10-03 02:20:00,113,57,67,0,0.9,96,light
2026-10-03 02:25:00,112,56,68,1,1.0,97,light
2026-10-03 02:30:00,113,55,71,0,1.0,97,light
2026-10-03 02:35:00,113,55,73,0,1.1,97,light
2026-10-03 02:40:00,113,55,78,1,1.0,97,deep
2026-10-03 02:45:00,113,55,78,0,1.0,97,deep
2026-10-03 02:50:00,111,56,74,0,1.1,96,deep
2026-10-03 02:55:00,112,54,77,0,1.1,96,deep
2026-10-03 03:00:00,115,53,80,0,1.2,96,light
2026-10-03 03:05:00,109,53,80,0,1.0,96,light
2026-10-03 03:10:00,106,52,79,1,1.0,96,light
2026-10-03 03:15:00,110,53,79,0,0.9,96,light
2026-10-03 03:20:00,115,52,81,1,1.1,96,light
2026-10-03 03:25:00,115,53,80,1,1.0,96,light
2026-10-03 03:30:00,119,54,78,1,0.9,96,rem
2026-10-03 03:35:00,120,55,79,1,1.0,96,rem
2026-10-03 03:40:00,117,54,77,1,0.9,96,rem
2026-10-03 03:45:00,116,54,75,0,1.0,96,rem
2026-10-03 03:50:00,114,54,74,0,1.0,96,light
2026-10-03 03:55:00,112,54,74,1,0.9,96,light
2026-10-03 04:00:00,115,53,77,0,0.8,96,light
2026-10-03 04:05:00,113,51,76,0,0.9,96,light
2026-10-03 04:10:00,106,53,73,1,1.0,97,deep
2026-10-03 04:15:00,103,52,73,1,1.1,97,light
2026-10-03 04:20:00,109,53,70,0,1.1,97,light
2026-10-03 04:25:00,107,54,71,1,1.0,97,light
2026-10-03 04:30:00,112,54,67,1,1.0,97,light
2026-10-03 04:35:00,112,52,70,0,0.8,96,light
2026-10-03 04:40:00,114,53,70,1,0.9,96,light
2026-10-03 04:45:00,116,53,71,0,0.9,96,light
2026-10-03 04:50:00,118,53,71,0,0.8,96,light
2026-10-03 04:55:00,118,53,69,1,0.8,96,rem
2026-10-03 05:00:00,120,52,71,1,0.8,96,rem
2026-10-03 05:05:00,119,51,70,1,0.8,96,rem
2026-10-03 05:10:00,117,52,71,0,0.8,96,rem
2026-10-03 05:15:00,117,53,68,1,0.8,96,rem
2026-10-03 05:20:00,115,54,67,1,0.8,96,light
2026-10-03 05:25:00,112,54,67,1,0.8,96,light
2026-10-03 05:30:00,116,54,71,0,0.8,96,light
2026-10-03 05:35:00,113,54,72,0,0.9,96,light
2026-10-03 05:40:00,112,55,70,0,0.8,96,light
2026-10-03 05:45:00,115,54,68,0,0.9,96,light
2026-10-03 05:50:00,115,54,67,0,1.1,96,light
2026-10-03 05:55:00,114,56,68,1,1.1,96,light
2026-10-03 06:00:00,113,56,73,1,1.1,96,light
2026-10-03 06:05:00,117,56,72,0,1.0,96,light
2026-10-03 06:10:00,115,54,73,1,1.0,97,light
2026-10-03 06:15:00,118,53,73,1,1.1,97,rem
2026-10-03 06:20:00,120,53,74,0,1.0,97,rem
2026-10-03 06:25:00,123,54,73,1,1.0,96,rem
2026-10-03 06:30:00,123,53,74,0,1.0,96,rem
2026-10-03 06:35:00,122,53,74,0,1.0,96,rem
2026-10-03 06:40:00,120,53,74,0,1.1,96,rem
2026-10-03 06:45:00,121,54,74,1,1.1,96,rem
2026-10-03 06:50:00,121,53,75,0,0.9,97,light
2026-10-03 06:55:00,118,54,76,1,0.8,97,light
2026-10-03 07:00:00,121,71,61,57,1.8,97,
2026-10-03 07:05:00,118,65,66,0,0.9,97,
2026-10-03 07:10:00,118,65,63,0,0.9,97,
2026-10-03 07:15:00,123,70,61,60,1.9,97,
2026-10-03 07:20:00,121,73,59,119,2.8,97,
2026-10-03 07:25:00,121,68,60,76,2.1,97,
2026-10-03 07:30:00,119,71,56,98,2.4,97,
2026-10-03 07:35:00,115,69,57,84,2.3,96,
2026-10-03 07:40:00,109,68,59,76,2.1,96,
2026-10-03 07:45:00,107,67,66,58,2.0,97,
2026-10-03 07:50:00,117,66,67,53,1.9,97,
2026-10-03 07:55:00,115,65,68,58,1.9,97,
2026-10-03 08:00:00,118,78,62,168,3.6,98,
2026-10-03 08:05:00,120,74,62,100,2.6,98,
2026-10-03 08:10:00,120,74,62,96,2.5,98,
2026-10-03 08:15:00,118,83,57,163,3.7,98,
2026-10-03 08:20:00,114,75,63,90,2.6,97,
2026-10-03 08:25:00,113,80,60,174,3.9,97,
2026-10-03 08:30:00,117,74,63,97,2.6,97,
2026-10-03 08:35:00,118,82,61,166,3.8,97,
2026-10-03 08:40:00,118,74,62,96,2.6,97,
2026-10-03 08:45:00,120,66,64,0,1.0,97,
2026-10-03 08:50:00,120,72,62,63,2.0,96,
2026-10-03 08:55:00,122,70,62,70,2.2,96,
2026-10-03 09:00:00,122,72,63,103,2.6,97,
2026-10-03 09:05:00,122,71,61,96,2.5,98,
2026-10-03 09:10:00,117,68,63,42,1.7,98,
2026-10-03 09:15:00,115,71,63,53,2.0,97,
2026-10-03 09:20:00,118,74,63,97,2.6,98,
2026-10-03 09:25:00,118,71,62,52,1.7,98,
2026-10-03 09:30:00,117,69,61,52,1.7,98,
2026-10-03 09:35:00,118,68,61,61,1.9,98,
2026-10-03 09:40:00,122,63,63,0,0.9,98,
2026-10-03 09:45:00,122,63,64,0,0.9,98,
2026-10-03 09:50:00,120,71,61,76,2.2,97,
2026-10-03 09:55:00,122,62,65,0,0.9,98,
2026-10-03 10:00:00,120,63,67,0,0.9,98,
2026-10-03 10:05:00,127,70,66,70,2.0,97,
2026-10-03 10:10:00,129,68,67,48,1.7,97,
2026-10-03 10:15:00,130,68,64,57,1.8,97,
2026-10-03 10:20:00,132,69,66,64,2.0,97,
2026-10-03 10:25:00,132,64,67,0,1.0,97,
2026-10-03 10:30:00,134,64,67,0,1.0,97,
2026-10-03 10:35:00,132,72,62,55,1.9,97,
2026-10-03 10:40:00,133,71,64,31,1.4,97,
2026-10-03 10:45:00,128,72,62,58,1.9,97,
2026-10-03 10:50:00,126,70,64,47,1.6,97,
2026-10-03 10:55:00,129,70,65,55,1.7,97,
2026-10-03 11:00:00,133,63,69,0,1.0,97,
2026-10-03 11:05:00,138,70,66,52,1.7,97,
2026-10-03 11:10:00,132,64,64,0,1.0,97,
2026-10-03 11:15:00,131,72,58,59,2.0,97,
2026-10-03 11:20:00,130,71,57,51,1.7,97,
2026-10-03 11:25:00,129,73,58,68,2.0,97,
2026-10-03 11:30:00,129,66,60,0,1.0,97,
2026-10-03 11:35:00,129,69,60,43,1.6,97,
2026-10-03 11:40:00,127,69,58,63,2.0,98,
2026-10-03 11:45:00,128,71,61,69,2.2,98,
2026-10-03 11:50:00,128,75,61,95,2.6,98,
2026-10-03 11:55:00,126,72,58,82,2.4,98,
2026-10-03 12:00:00,131,74,55,107,2.9,98,
2026-10-03 12:05:00,133,65,60,0,1.0,97,
2026-10-03 12:10:00,132,71,59,49,1.7,97,
2026-10-03 12:15:00,128,75,60,109,2.7,97,
2026-10-03 12:20:00,128,68,60,47,1.6,97,
2026-10-03 12:25:00,132,69,62,55,1.9,97,
2026-10-03 12:30:00,129,71,60,57,1.9,97,
2026-10-03 12:35:00,131,71,62,56,2.0,97,
2026-10-03 12:40:00,127,73,59,82,2.6,97,
2026-10-03 12:45:00,125,75,55,103,2.8,97,
2026-10-03 12:50:00,124,72,55,90,2.6,96,
2026-10-03 12:55:00,127,69,56,64,2.3,97,
2026-10-03 13:00:00,131,65,63,27,1.7,97,
2026-10-03 13:05:00,130,68,59,55,2.0,97,
2026-10-03 13:10:00,128,66,60,28,1.5,97,
2026-10-03 13:15:00,129,68,60,33,1.5,97,
2026-10-03 13:20:00,126,68,63,27,1.5,97,
2026-10-03 13:25:00,124,68,61,28,1.5,98,
2026-10-03 13:30:00,124,65,65,0,1.0,97,
2026-10-03 13:35:00,124,69,62,40,1.7,98,
2026-10-03 13:40:00,127,73,61,57,2.0,97,
2026-10-03 13:45:00,125,69,61,0,0.9,97,
2026-10-03 13:50:00,125,72,59,53,1.8,97,
2026-10-03 13:55:00,126,68,62,0,0.9,97,
2026-10-03 14:00:00,127,77,61,71,2.0,97,
2026-10-03 14:05:00,126,71,61,36,1.5,97,
2026-10-03 14:10:00,126,72,60,28,1.5,97,
2026-10-03 14:15:00,132,75,60,61,1.9,97,
2026-10-03 14:20:00,135,78,59,73,2.1,97,
2026-10-03 14:25:00,139,74,60,0,1.0,97,
2026-10-03 14:30:00,144,76,59,30,1.6,97,
2026-10-03 14:35:00,145,78,56,74,2.2,97,
2026-10-03 14:40:00,150,75,59,51,1.8,97,
2026-10-03 14:45:00,150,74,60,37,1.5,97,
2026-10-03 14:50:00,154,73,60,38,1.7,98,
2026-10-03 14:55:00,153,68,63,0,1.0,97,
2026-10-03 15:00:00,158,71,61,30,1.6,98,
2026-10-03 15:05:00,165,72,61,27,1.6,98,
2026-10-03 15:10:00,167,70,62,26,1.6,98,
2026-10-03 15:15:00,171,73,61,41,1.8,98,
2026-10-03 15:20:00,175,68,60,0,1.2,98,
2026-10-03 15:25:00,171,71,60,28,1.4,98,
2026-10-03 15:30:00,170,74,57,36,1.5,98,
2026-10-03 15:35:00,161,73,56,33,1.5,98,
2026-10-03 15:40:00,155,72,57,47,1.7,98,
2026-10-03 15:45:00,151,67,61,0,1.1,98,
2026-10-03 15:50:00,150,70,59,39,1.7,97,
2026-10-03 15:55:00,147,70,60,40,1.6,98,
2026-10-03 16:00:00,146,69,58,51,1.9,98,
2026-10-03 16:05:00,143,69,58,62,2.0,98,
2026-10-03 16:10:00,136,71,55,70,2.2,98,
2026-10-03 16:15:00,133,71,56,70,2.2,98,
2026-10-03 16:20:00,133,67,57,43,1.7,98,
2026-10-03 16:25:00,127,69,56,57,1.9,98,
2026-10-03 16:30:00,123,66,54,26,1.4,97,
2026-10-03 16:35:00,122,68,54,29,1.4,97,
2026-10-03 16:40:00,124,72,51,51,1.8,97,
2026-10-03 16:45:00,121,69,53,45,1.5,97,
2026-10-03 16:50:00,118,69,53,56,1.8,97,
2026-10-03 16:55:00,123,72,53,69,2.0,97,
2026-10-03 17:00:00,125,73,51,69,1.9,97,
2026-10-03 17:05:00,123,72,55,54,1.8,98,
2026-10-03 17:10:00,122,67,55,0,1.0,98,
2026-10-03 17:15:00,123,77,50,87,2.4,98,
2026-10-03 17:20:00,119,68,55,0,1.0,98,
2026-10-03 17:25:00,122,67,58,0,1.0,99,
2026-10-03 17:30:00,123,77,56,98,2.5,98,
2026-10-03 17:35:00,116,74,57,77,2.3,98,
2026-10-03 17:40:00,114,69,58,48,1.7,98,
2026-10-03 17:45:00,115,73,57,73,2.1,98,
2026-10-03 17:50:00,118,72,56,52,1.7,98,
2026-10-03 17:55:00,120,76,56,97,2.6,97,
2026-10-03 18:00:00,119,76,53,113,2.8,98,
2026-10-03 18:05:00,123,73,58,84,2.4,98,
2026-10-03 18:10:00,121,66,59,0,1.0,97,
2026-10-03 18:15:00,123,74,56,92,2.6,97,
2026-10-03 18:20:00,121,107,46,450,8.5,97,
2026-10-03 18:25:00,123,123,41,604,11.0,97,
2026-10-03 18:30:00,123,119,42,562,10.2,98,
2026-10-03 18:35:00,121,66,59,0,1.1,98,
2026-10-03 18:40:00,122,119,43,569,10.3,98,
2026-10-03 18:45:00,122,99,48,357,6.8,98,
2026-10-03 18:50:00,121,119,44,557,9.9,98,
2026-10-03 18:55:00,120,67,60,0,0.9,98,
2026-10-03 19:00:00,120,120,46,553,9.9,98,
2026-10-03 19:05:00,117,124,41,661,11.5,98,
2026-10-03 19:10:00,112,66,56,0,1.0,98,
2026-10-03 19:15:00,118,67,56,0,1.2,98,
2026-10-03 19:20:00,116,124,41,643,11.4,98,
2026-10-03 19:25:00,120,115,45,523,9.4,98,
2026-10-03 19:30:00,123,107,50,467,8.5,98,
2026-10-03 19:35:00,125,71,58,90,2.4,98,
2026-10-03 19:40:00,122,71,56,74,2.2,97,
2026-10-03 19:45:00,122,70,55,67,2.1,97,
2026-10-03 19:50:00,123,74,57,104,2.7,97,
2026-10-03 19:55:00,124,73,59,94,2.4,97,
2026-10-03 20:00:00,125,65,62,0,0.8,97,
2026-10-03 20:05:00,121,67,62,45,1.4,97,
2026-10-03 20:10:00,121,70,58,55,1.7,97,
2026-10-03 20:15:00,120,69,58,62,1.8,97,
2026-10-03 20:20:00,117,70,59,69,2.0,97,
2026-10-03 20:25:00,114,61,59,0,1.0,97,
2026-10-03 20:30:00,112,64,57,30,1.5,97,
2026-10-03 20:35:00,112,70,55,68,2.2,97,
2026-10-03 20:40:00,112,68,57,41,1.8,97,
2026-10-03 20:45:00,115,68,58,48,2.0,97,
2026-10-03 20:50:00,114,69,60,65,2.2,97,
2026-10-03 20:55:00,113,62,63,0,1.1,96,
2026-10-03 21:00:00,116,66,59,20,1.4,96,
2026-10-03 21:05:00,115,69,57,36,1.7,96,
2026-10-03 21:10:00,110,68,55,41,1.8,96,
2026-10-03 21:15:00,111,69,56,40,1.6,96,
2026-10-03 21:20:00,115,64,61,0,0.9,96,
2026-10-03 21:25:00,121,65,59,26,1.4,97,
2026-10-03 21:30:00,120,68,57,29,1.3,97,
2026-10-03 21:35:00,124,69,55,38,1.5,97,
2026-10-03 21:40:00,123,68,53,30,1.4,97,
2026-10-03 21:45:00,127,71,50,22,1.2,96,
2026-10-03 21:50:00,127,71,51,45,1.8,97,
2026-10-03 21:55:00,134,71,49,39,1.5,97,
2026-10-03 22:00:00,137,66,52,15,1.1,97,
2026-10-03 22:05:00,144,66,54,14,1.2,97,
2026-10-03 22:10:00,149,67,57,18,1.2,97,
2026-10-03 22:15:00,149,65,54,0,1.0,97,
2026-10-03 22:20:00,150,65,53,0,1.0,97,
2026-10-03 22:25:00,158,68,51,22,1.3,97,
2026-10-03 22:30:00,157,64,52,0,0.8,97,
2026-10-03 22:35:00,159,68,52,17,1.3,97,
2026-10-03 22:40:00,158,68,55,12,1.2,98,
2026-10-03 22:45:00,156,70,58,18,1.3,98,
2026-10-03 22:50:00,156,67,57,13,1.2,98,
2026-10-03 22:55:00,160,66,56,12,1.3,98,
2026-10-03 23:00:00,159,63,61,9,1.3,98,
2026-10-03 23:05:00,157,62,62,6,1.0,98,
2026-10-03 23:10:00,159,62,62,8,0.9,98,
2026-10-03 23:15:00,160,63,63,6,0.9,97,
2026-10-03 23:20:00,159,62,63,9,1.1,97,
2026-10-03 23:25:00,159,64,62,5,1.0,97,
2026-10-03 23:30:00,152,63,63,10,1.1,97,
2026-10-03 23:35:00,152,62,60,9,1.1,98,
2026-10-03 23:40:00,150,62,58,10,1.0,97,
2026-10-03 23:45:00,139,61,59,4,1.0,97,
2026-10-03 23:50:00,140,62,59,0,1.0,97,
2026-10-03 23:55:00,137,62,63,5,1.1,97,
2026-10-04 00:00:00,139,61,63,0,1.2,97,
2026-10-04 00:05:00,140,62,63,0,1.0,97,
2026-10-04 00:10:00,138,61,66,0,1.2,97,
2026-10-04 00:15:00,145,62,65,0,1.2,97,
2026-10-04 00:20:00,141,60,65,0,1.2,97,
2026-10-04 00:25:00,139,61,61,0,1.0,96,
2026-10-04 00:30:00,135,56,68,1,1.0,96,awake
2026-10-04 00:35:00,137,56,68,1,1.1,96,awake
2026-10-04 00:40:00,135,56,69,1,1.0,96,light
2026-10-04 00:45:00,133,57,70,0,0.9,96,deep
2026-10-04 00:50:00,132,57,69,1,0.8,97,deep
2026-10-04 00:55:00,127,57,72,0,0.8,96,deep
2026-10-04 01:00:00,127,57,72,1,0.8,96,deep
2026-10-04 01:05:00,127,56,72,1,0.8,96,deep
2026-10-04 01:10:00,129,57,71,1,0.9,96,deep
2026-10-04 01:15:00,124,56,73,0,0.9,96,light
2026-10-04 01:20:00,123,55,74,0,0.9,96,light
2026-10-04 01:25:00,124,53,74,0,0.8,96,light
2026-10-04 01:30:00,123,55,73,0,0.8,96,light
2026-10-04 01:35:00,124,55,73,1,0.8,97,light
2026-10-04 01:40:00,122,55,73,1,0.8,97,light
2026-10-04 01:45:00,119,54,71,1,0.9,96,light
2026-10-04 01:50:00,116,54,68,0,0.9,97,awake
2026-10-04 01:55:00,115,55,66,1,0.9,97,awake
2026-10-04 02:00:00,115,53,67,0,0.9,96,awake
2026-10-04 02:05:00,121,54,66,0,1.0,95,awake
2026-10-04 02:10:00,123,54,64,0,1.0,96,awake
2026-10-04 02:15:00,124,56,66,1,0.9,96,awake
2026-10-04 02:20:00,122,54,68,1,0.9,96,awake
2026-10-04 02:25:00,118,55,67,0,0.8,96,awake
2026-10-04 02:30:00,113,55,68,0,0.8,96,deep
2026-10-04 02:35:00,108,54,69,1,0.9,96,deep
2026-10-04 02:40:00,107,54,67,0,0.8,97,deep
2026-10-04 02:45:00,111,54,68,1,0.9,97,deep
2026-10-04 02:50:00,114,54,65,0,0.9,96,light
2026-10-04 02:55:00,111,54,66,0,1.0,95,light
2026-10-04 03:00:00,107,55,68,1,1.1,96,light
2026-10-04 03:05:00,108,55,69,1,1.0,96,light
2026-10-04 03:10:00,105,55,66,1,1.0,96,light
2026-10-04 03:15:00,103,55,68,1,0.9,96,light
2026-10-04 03:20:00,103,54,67,0,0.9,96,light
2026-10-04 03:25:00,107,54,69,0,0.9,96,light
2026-10-04 03:30:00,104,55,70,1,0.8,96,light
2026-10-04 03:35:00,99,55,70,0,0.8,96,light
2026-10-04 03:40:00,102,55,68,0,0.8,96,light
2026-10-04 03:45:00,108,55,68,0,0.8,96,rem
2026-10-04 03:50:00,110,54,69,0,1.0,97,light
2026-10-04 03:55:00,112,54,68,1,0.9,97,light
2026-10-04 04:00:00,110,55,64,1,1.1,97,light
2026-10-04 04:05:00,116,54,66,0,1.2,97,deep
2026-10-04 04:10:00,117,53,65,1,1.0,97,deep
2026-10-04 04:15:00,115,53,66,0,0.9,96,light
2026-10-04 04:20:00,114,53,66,1,1.0,97,light
2026-10-04 04:25:00,109,54,68,1,0.9,96,light
2026-10-04 04:30:00,111,52,70,0,0.9,96,light
2026-10-04 04:35:00,111,53,72,1,1.0,96,light
2026-10-04 04:40:00,113,54,69,0,1.1,96,light
2026-10-04 04:45:00,116,53,72,1,0.9,96,light
2026-10-04 04:50:00,117,54,73,1,0.9,96,light
2026-10-04 04:55:00,117,52,74,1,0.9,97,light
2026-10-04 05:00:00,113,51,74,0,1.1,96,rem
2026-10-04 05:05:00,118,51,73,0,1.0,97,rem
2026-10-04 05:10:00,120,51,70,0,1.1,96,rem
2026-10-04 05:15:00,117,53,72,0,1.0,96,rem
2026-10-04 05:20:00,113,51,72,1,0.9,96,rem
2026-10-04 05:25:00,112,51,70,1,0.9,96,rem
2026-10-04 05:30:00,119,50,69,0,0.8,96,light
2026-10-04 05:35:00,114,51,70,1,0.9,96,light
2026-10-04 05:40:00,112,51,65,1,0.9,96,light
2026-10-04 05:45:00,114,52,65,0,0.9,96,light
2026-10-04 05:50:00,110,53,69,0,0.9,97,light
2026-10-04 05:55:00,107,53,65,0,1.0,97,light
2026-10-04 06:00:00,110,52,64,1,0.9,96,light
2026-10-04 06:05:00,109,53,63,1,0.9,96,light
2026-10-04 06:10:00,113,52,64,0,0.8,96,light
2026-10-04 06:15:00,110,51,65,0,0.8,96,light
2026-10-04 06:20:00,111,51,65,1,0.8,96,light
2026-10-04 06:25:00,115,50,65,1,0.8,96,light
2026-10-04 06:30:00,115,50,68,1,0.8,97,rem
2026-10-04 06:35:00,114,50,67,1,0.9,97,rem
2026-10-04 06:40:00,116,50,67,1,0.8,97,rem
2026-10-04 06:45:00,120,52,67,0,0.9,97,rem
2026-10-04 06:50:00,121,51,70,0,0.9,96,rem
2026-10-04 06:55:00,121,51,66,0,0.9,96,rem
2026-10-04 07:00:00,121,51,67,0,1.1,96,rem
2026-10-04 07:05:00,121,52,66,0,1.1,96,rem
2026-10-04 07:10:00,121,78,49,178,4.1,97,
2026-10-04 07:15:00,120,75,53,136,3.3,97,
2026-10-04 07:20:00,120,65,56,0,1.0,97,
2026-10-04 07:25:00,122,78,53,133,3.2,97,
2026-10-04 07:30:00,121,80,55,153,3.5,97,
2026-10-04 07:35:00,112,75,57,112,2.8,97,
2026-10-04 07:40:00,117,79,57,174,3.8,97,
2026-10-04 07:45:00,117,62,62,0,1.1,97,
2026-10-04 07:50:00,122,75,58,109,2.8,97,
2026-10-04 07:55:00,121,86,56,202,4.3,97,
2026-10-04 08:00:00,121,87,57,221,4.7,97,
2026-10-04 08:05:00,124,86,58,209,4.4,97,
2026-10-04 08:10:00,123,91,54,264,5.3,97,
2026-10-04 08:15:00,124,88,53,238,4.7,97,
2026-10-04 08:20:00,126,80,58,144,3.2,96,
2026-10-04 08:25:00,121,79,58,148,3.2,96,
2026-10-04 08:30:00,120,75,58,131,3.0,96,
2026-10-04 08:35:00,118,77,61,123,2.8,96,
2026-10-04 08:40:00,114,90,60,263,5.1,97,
2026-10-04 08:45:00,114,66,65,0,1.0,97,
2026-10-04 08:50:00,116,64,65,0,0.9,97,
2026-10-04 08:55:00,117,86,57,239,4.8,97,
2026-10-04 09:00:00,119,66,62,0,1.0,96,
2026-10-04 09:05:00,117,85,54,199,4.2,96,
2026-10-04 09:10:00,118,78,59,141,3.2,97,
2026-10-04 09:15:00,115,81,57,173,3.8,97,
2026-10-04 09:20:00,115,65,61,0,1.0,97,
2026-10-04 09:25:00,119,79,58,146,3.3,96,
2026-10-04 09:30:00,126,83,54,169,3.8,97,
2026-10-04 09:35:00,126,64,60,0,1.1,97,
2026-10-04 09:40:00,126,85,57,219,4.5,97,
2026-10-04 09:45:00,128,83,59,197,4.2,97,
2026-10-04 09:50:00,131,78,58,144,3.3,97,
2026-10-04 09:55:00,129,65,61,0,1.1,97,
2026-10-04 10:00:00,127,82,55,183,4.0,98,
2026-10-04 10:05:00,124,79,55,141,3.2,98,
2026-10-04 10:10:00,121,79,58,153,3.3,98,
2026-10-04 10:15:00,122,64,59,0,0.8,97,
2026-10-04 10:20:00,122,88,50,239,4.7,97,
2026-10-04 10:25:00,127,82,52,178,3.8,97,
2026-10-04 10:30:00,127,80,54,152,3.4,97,
2026-10-04 10:35:00,125,66,60,0,0.9,97,
2026-10-04 10:40:00,127,77,60,104,2.7,97,
2026-10-04 10:45:00,127,78,63,106,2.7,97,
2026-10-04 10:50:00,128,78,58,88,2.4,97,
2026-10-04 10:55:00,128,72,61,0,1.1,97,
2026-10-04 11:00:00,124,80,57,108,2.8,98,
2026-10-04 11:05:00,121,80,55,122,3.0,98,
2026-10-04 11:10:00,121,84,55,167,3.7,98,
2026-10-04 11:15:00,120,80,57,132,3.2,98,
2026-10-04 11:20:00,122,76,55,65,2.0,98,
2026-10-04 11:25:00,129,71,55,0,1.0,98,
2026-10-04 11:30:00,131,83,53,125,3.1,98,
2026-10-04 11:35:00,138,83,52,111,2.7,98,
2026-10-04 11:40:00,138,78,54,100,2.6,97,
2026-10-04 11:45:00,140,80,53,129,3.1,97,
2026-10-04 11:50:00,144,84,52,151,3.5,96,
2026-10-04 11:55:00,145,75,53,62,2.1,97,
2026-10-04 12:00:00,147,79,54,93,2.6,97,
2026-10-04 12:05:00,153,81,52,115,2.7,97,
2026-10-04 12:10:00,152,82,48,128,2.8,97,
2026-10-04 12:15:00,159,83,50,128,2.9,97,
2026-10-04 12:20:00,166,69,54,0,0.8,97,
2026-10-04 12:25:00,171,84,48,146,3.0,97,
2026-10-04 12:30:00,166,83,49,119,2.6,97,
2026-10-04 12:35:00,165,79,48,101,2.5,97,
2026-10-04 12:40:00,166,84,46,138,3.2,96,
2026-10-04 12:45:00,164,87,46,138,3.2,97,
2026-10-04 12:50:00,156,85,47,143,3.4,97,
2026-10-04 12:55:00,153,73,51,0,0.9,98,
2026-10-04 13:00:00,152,82,49,116,2.7,97,
2026-10-04 13:05:00,146,76,50,73,2.0,98,
2026-10-04 13:10:00,144,76,52,90,2.4,97,
2026-10-04 13:15:00,146,79,54,130,3.1,98,
2026-10-04 13:20:00,145,79,56,97,2.6,98,
2026-10-04 13:25:00,138,84,54,149,3.4,98,
2026-10-04 13:30:00,138,80,54,113,3.0,98,
2026-10-04 13:35:00,138,79,55,120,3.2,98,
2026-10-04 13:40:00,135,80,56,141,3.5,98,
2026-10-04 13:45:00,136,75,56,89,2.6,98,
2026-10-04 13:50:00,132,72,53,78,2.4,97,
2026-10-04 13:55:00,131,72,52,77,2.4,98,
2026-10-04 14:00:00,127,71,54,70,2.2,98,
2026-10-04 14:05:00,124,78,55,142,3.4,98,
2026-10-04 14:10:00,122,77,55,116,3.0,98,
2026-10-04 14:15:00,125,79,56,110,3.0,98,
2026-10-04 14:20:00,124,74,57,75,2.3,98,
2026-10-04 14:25:00,122,66,56,0,1.0,98,
2026-10-04 14:30:00,123,80,49,149,3.4,98,
2026-10-04 14:35:00,123,78,50,122,3.0,98,
2026-10-04 14:40:00,120,67,55,0,1.0,98,
2026-10-04 14:45:00,120,75,51,78,2.2,98,
2026-10-04 14:50:00,117,67,55,0,1.0,98,
2026-10-04 14:55:00,115,67,59,0,1.0,98,
2026-10-04 15:00:00,122,78,56,88,2.4,98,
